place_ko,country_ko,place_en,country_en,lat,lon,_lat,_lon,date_today,tmax_c,tmin_c,rh_mean_pct,precip_mm,uv_max,wind_max_ms,today_tags,dest_tags_osm,osm_raw_counts
후쿠오카,일본,Fukuoka,Japan,33.6251241,130.6180016,33.6251241,130.6180016,2025-09-23,24.7,20.4,89.0,5.5,5.15,7.6,"anti-chafe, deodorizing, dry-fast, hooded, layering, quick-dry, transitional, water-resistant, windbreaker",,"{""peak"": 1, ""leisure:park"": 3, ""historic:memorial"": 2, ""leisure:golf_course"": 1}"
오사카,일본,Osaka,Japan,34.6937569,135.5014539,34.6937569,135.5014539,2025-09-23,26.0,20.9,71.0,0.2,4.2,6.5,"comfortable-sneakers, crossbody-bag, hiking-shoes, hooded, layering, packable-poncho, rashguard, sandals, sun-cap, swimwear, trail-pants, transitional, walking-shoes, water-shoes, windbreaker","culture, island, nature, theme-park, viewpoint","{""tourism:attraction"": 37, ""historic:castle"": 1, ""historic:memorial"": 409, ""historic:monument"": 25, ""tourism:hotel"": 243, ""tourism:museum"": 29, ""tourism:theme_park"": 1, ""historic:archaeological_site"": 5, ""tourism:guest_house"": 15, ""tourism:gallery"": 38, ""historic:yes"": 31, ""historic:wayside_shrine"": 147, ""tourism:artwork"": 261, ""tourism:information"": 404, ""tourism:hostel"": 16, ""historic:boundary_stone"": 2, ""tourism:viewpoint"": 4, ""historic:milestone"": 2, ""tourism:apartment"": 4, ""tourism:yes"": 2, ""historic:ditch"": 1, ""leisure:golf_course"": 3, ""leisure:park"": 160, ""historic:bomb_crater"": 1, ""historic:crossing"": 3, ""historic:stone"": 1, ""historic:church"": 1, ""historic:cannon"": 1, ""historic:building"": 6, ""historic:ruins"": 5, ""historic:city_gate"": 4, ""historic:manor"": 1, ""historic:protected_building"": 1, ""sport:baseball"": 2, ""beach"": 1, ""island"": 2, ""leisure:stadium"": 1, ""sport:tennis"": 1}"
일본,일본,japan,Japan,36.5748441,139.2394179,36.5748441,139.2394179,2025-09-23,16.6,12.1,82.0,0.0,5.2,4.3,"anti-chafe, deodorizing, mid-layer, quick-dry, windbreaker",,"{""peak"": 2, ""tourism:camp_site"": 1}"
도쿄,일본,Tokyo,Japan,35.6768601,139.7638947,35.6768601,139.7638947,2025-09-23,24.4,17.9,69.0,0.0,5.9,6.5,"crossbody-bag, hiking-shoes, hooded, layering, rashguard, sandals, sun-cap, swimwear, trail-pants, transitional, walking-shoes, water-shoes, windbreaker","culture, island, nature, viewpoint","{""tourism:museum"": 76, ""tourism:hotel"": 286, ""historic:memorial"": 322, ""tourism:information"": 988, ""historic:ruins"": 10, ""historic:monument"": 20, ""tourism:viewpoint"": 35, ""tourism:gallery"": 40, ""historic:yes"": 25, ""tourism:artwork"": 173, ""historic:archaeological_site"": 10, ""historic:wayside_shrine"": 65, ""leisure:marina"": 1, ""historic:stone"": 1, ""historic:statue"": 2, ""historic:milestone"": 3, ""tourism:hostel"": 20, ""historic:building"": 8, ""historic:water_well"": 1, ""tourism:motel"": 1, ""tourism:attraction"": 49, ""tourism:chalet"": 1, ""tourism:history"": 1, ""leisure:garden"": 1, ""historic:castle"": 9, ""historic:boundary_stone"": 3, ""tourism:apartment"": 9, ""tourism:disused:hostel"": 1, ""historic:tomb"": 9, ""historic:city_gate"": 19, ""leisure:park"": 233, ""peak"": 1, ""leisure:golf_course"": 3, ""historic:citywalls"": 1, ""tourism:vacant"": 1, ""tourism:yes"": 2, ""tourism:hanami"": 1, ""historic:road"": 5, ""coastline"": 4, ""leisure:sauna"": 1, ""historic:watering_place"": 1, ""historic:manor"": 1, ""tourism:picnic_site"": 1, ""island"": 8, ""tourism:guest_house"": 1, ""bay"": 1}"
삿포로,일본,Sapporo,Japan,43.061936,141.3542924,43.061936,141.3542924,2025-09-23,19.5,10.5,75.0,0.1,5.05,8.9,"anti-chafe, crossbody-bag, deodorizing, hiking-shoes, hooded, mid-layer, quick-dry, sun-cap, trail-pants, walking-shoes, windbreaker","culture, nature, viewpoint","{""tourism:hotel"": 151, ""tourism:museum"": 18, ""tourism:artwork"": 108, ""tourism:viewpoint"": 4, ""historic:memorial"": 51, ""tourism:hostel"": 23, ""tourism:motel"": 3, ""leisure:golf_course"": 3, ""tourism:information"": 53, ""historic:locomotive"": 1, ""historic:heritage"": 3, ""tourism:guest_house"": 4, ""tourism:attraction"": 23, ""tourism:yes"": 3, ""historic:statue"": 1, ""tourism:gallery"": 1, ""tourism:aquarium"": 1, ""historic:archaeological_site"": 2, ""historic:wayside_shrine"": 1, ""tourism:ドリームハウス"": 1, ""tourism:zoo"": 1, ""leisure:park"": 147, ""historic:building"": 3, ""tourism:picnic_site"": 3, ""leisure:stadium"": 1, ""sport:horse_racing"": 1}"
대만,대만,taiwan,taiwan,23.9739374,120.9820179,23.9739374,120.9820179,2025-09-23,27.5,23.6,78.0,0.7,6.15,13.1,"anti-chafe, breathable, deodorizing, hiking-shoes, hooded, lightweight, quick-dry, short-sleeve, sun-cap, sun-care, trail-pants, windbreaker","nature, viewpoint","{""historic:memorial"": 2, ""peak"": 7, ""tourism:hotel"": 14, ""tourism:hostel"": 8, ""tourism:museum"": 2, ""tourism:viewpoint"": 4, ""historic:yes"": 1, ""tourism:information"": 7, ""tourism:attraction"": 2, ""tourism:guest_house"": 3, ""leisure:park"": 14, ""historic:archaeological_site"": 1, ""tourism:motel"": 1, ""tourism:camp_site"": 1, ""sport:free_flying"": 1}"
다낭,베트남,Danang,Vietnam,16.068,108.212,16.068,108.212,2025-09-23,31.6,25.0,80.0,0.2,7.6,14.9,"anti-chafe, cooling, crossbody-bag, deodorizing, hiking-shoes, hooded, linen, mesh, quick-dry, sun-cap, sun-care, trail-pants, ultra-light, walking-shoes, windbreaker","culture, nature, viewpoint","{""tourism:hotel"": 126, ""tourism:museum"": 6, ""tourism:hostel"": 19, ""tourism:guest_house"": 14, ""tourism:artwork"": 29, ""tourism:attraction"": 16, ""tourism:motel"": 10, ""tourism:chalet"": 1, ""tourism:viewpoint"": 11, ""tourism:picnic_site"": 1, ""tourism:apartment"": 18, ""tourism:camp_site"": 1, ""tourism:information"": 1, ""tourism:gallery"": 1, ""leisure:park"": 39, ""historic:aircraft"": 1, ""tourism:zoo"": 1, ""leisure:stadium"": 2, ""historic:ruins"": 1, ""coastline"": 4, ""historic:monument"": 1, ""beach"": 1, ""leisure:golf_course"": 1, ""bay"": 1}"
상하이,중국,Shanghai,china,31.2312707,121.4700152,31.2312707,121.4700152,2025-09-23,31.0,24.9,80.0,0.7,6.05,13.9,"anti-chafe, breathable, comfortable-sneakers, crossbody-bag, deodorizing, hiking-shoes, hooded, lightweight, packable-poncho, quick-dry, short-sleeve, sun-cap, sun-care, trail-pants, walking-shoes, windbreaker","culture, nature, theme-park, viewpoint","{""tourism:hotel"": 185, ""historic:memorial"": 14, ""tourism:attraction"": 113, ""tourism:museum"": 38, ""tourism:hostel"": 20, ""tourism:information"": 6, ""tourism:viewpoint"": 7, ""tourism:artwork"": 18, ""historic:plaque"": 1, ""tourism:guest_house"": 4, ""historic:heritage"": 5, ""historic:yes"": 6, ""tourism:apartment"": 8, ""tourism:gallery"": 8, ""historic:monument"": 5, ""tourism:motel"": 1, ""historic:building"": 5, ""leisure:park"": 61, ""leisure:garden"": 1, ""historic:battlefield"": 1, ""tourism:aquarium"": 1, ""tourism:theme_park"": 1, ""historic:Jewish Club"": 1, ""historic:house"": 1, ""leisure:marina"": 1}"
냐짱,베트남,Nya -chan,Vietnam,22.9321462,97.7320104,22.9321462,97.7320104,2025-09-23,29.0,22.1,85.0,21.3,7.35,4.6,"anti-chafe, breathable, deodorizing, hiking-shoes, lightweight, packable-umbrella, quick-dry, short-sleeve, sun-cap, sun-care, trail-pants, waterproof-jacket","nature, viewpoint","{""peak"": 4, ""tourism:hotel"": 20, ""historic:monument"": 5, ""tourism:artwork"": 1, ""tourism:hostel"": 18, ""tourism:attraction"": 7, ""tourism:apartment"": 12, ""tourism:viewpoint"": 10, ""historic:memorial"": 1, ""tourism:motel"": 1, ""tourism:guest_house"": 4, ""leisure:park"": 1}"
홍콩,홍콩,Hong Kong,Hong Kong,22.2793278,114.1628131,22.2793278,114.1628131,2025-09-23,30.2,26.9,75.0,2.3,3.6,31.5,"anti-chafe, comfortable-sneakers, cooling, crossbody-bag, deodorizing, hiking-shoes, hooded, linen, mesh, packable-poncho, quick-dry, rashguard, sandals, sun-cap, swimwear, trail-pants, ultra-light, walking-shoes, water-shoes, windbreaker","culture, island, nature, theme-park, viewpoint","{""tourism:attraction"": 39, ""peak"": 20, ""historic:ruins"": 6, ""tourism:hotel"": 161, ""tourism:picnic_site"": 11, ""tourism:yes"": 37, ""tourism:information"": 97, ""tourism:museum"": 33, ""historic:memorial"": 8, ""historic:monument"": 15, ""historic:cannon"": 1, ""tourism:viewpoint"": 47, ""historic:street_lamp"": 4, ""historic:yes"": 28, ""tourism:hostel"": 33, ""tourism:guest_house"": 130, ""tourism:artwork"": 40, ""tourism:apartment"": 6, ""historic:marketplace"": 2, ""leisure:park"": 110, ""historic:boundary_stone"": 7, ""historic:tomb"": 2, ""tourism:gallery"": 5, ""historic:shop"": 1, ""historic:fort"": 2, ""leisure:garden"": 4, ""tourism:theme_park"": 1, ""historic:epigraph"": 2, ""coastline"": 70, ""historic:building"": 17, ""leisure:stadium"": 4, ""historic:road"": 1, ""historic:no"": 4, ""tourism:zoo"": 3, ""historic:heritage"": 2, ""historic:prison"": 1, ""sport:basketball"": 1, ""historic:police"": 1, ""historic:dormitory"": 1, ""historic:townhall"": 1, ""leisure:marina"": 1, ""sport:sailing"": 1, ""historic:temple"": 4, ""sport:yes"": 1, ""leisure:sports_centre"": 1, ""sport:multi"": 1, ""sport:tennis"": 1, ""bay"": 3, ""historic:highway"": 1, ""island"": 1, ""sport:horse_racing"": 1}"
괌,괌,Guam,Guam,13.4501175,144.7577088,13.4501175,144.7577088,2025-09-23,28.4,27.7,83.0,8.0,9.1,19.7,"UPF50+, anti-chafe, cooling, crossbody-bag, deodorizing, dry-fast, hiking-shoes, hooded, linen, mesh, quick-dry, sleeves, sun-cap, sunglasses, trail-pants, ultra-light, walking-shoes, water-resistant, windbreaker","culture, nature, viewpoint","{""peak"": 4, ""leisure:park"": 9, ""tourism:hotel"": 2, ""historic:memorial"": 2, ""tourism:attraction"": 8, ""historic:fort"": 2, ""historic:monument"": 8, ""tourism:viewpoint"": 2}"
오키나와,일본,Okinawa,Japan,26.5707754,128.0255901,26.5707754,128.0255901,2025-09-23,31.4,27.4,75.0,0.1,7.7,19.7,"UPF50+, anti-chafe, cooling, deodorizing, hiking-shoes, hooded, linen, mesh, quick-dry, rashguard, sandals, sun-cap, sun-care, swimwear, trail-pants, ultra-light, water-shoes, windbreaker","island, nature","{""peak"": 24, ""historic:memorial"": 1, ""historic:archaeological_site"": 2, ""coastline"": 16, ""beach"": 1, ""island"": 1}"
싱가포르,싱가포르,Singapore,Singapore,1.357107,103.8194992,1.357107,103.8194992,2025-09-23,32.9,26.1,74.0,0.0,8.85,10.8,"UPF50+, cooling, crossbody-bag, hiking-shoes, hooded, linen, mesh, sleeves, sun-cap, sunglasses, trail-pants, ultra-light, walking-shoes, windbreaker","culture, nature, viewpoint","{""tourism:information"": 60, ""tourism:viewpoint"": 2, ""historic:ruins"": 3, ""historic:milestone"": 1, ""tourism:attraction"": 13, ""historic:memorial"": 6, ""tourism:artwork"": 4, ""historic:yes"": 2, ""historic:tomb"": 7, ""peak"": 3, ""historic:wayside_shrine"": 4, ""tourism:hostel"": 4, ""leisure:park"": 41, ""leisure:golf_course"": 2}"
발리,인도네시아,volley,Indonesia,0.5377344,127.5405139,0.5377344,127.5405139,2025-09-23,28.5,27.5,83.0,10.2,7.1,9.0,"UPF50+, anti-chafe, cooling, deodorizing, dry-fast, hooded, linen, mesh, quick-dry, rashguard, sandals, sun-care, swimwear, ultra-light, water-resistant, water-shoes, windbreaker",island,"{""coastline"": 1, ""island"": 1}"
베트남,베트남,vietnam,Vietnam,15.9266657,107.9650855,15.9266657,107.9650855,2025-09-23,25.9,18.6,87.0,8.5,7.95,12.4,"anti-chafe, deodorizing, dry-fast, hooded, layering, quick-dry, sun-care, transitional, water-resistant, windbreaker",,
푸꾸옥,베트남,Fuquil,Vietnam,,,,,,,,,,,,,,
교토,일본,Kyoto,Japan,35.0115754,135.7681441,35.0115754,135.7681441,2025-09-23,25.9,20.6,68.0,0.0,3.4,5.4,"crossbody-bag, hiking-shoes, layering, sun-cap, trail-pants, transitional, walking-shoes","culture, nature, viewpoint","{""tourism:hotel"": 328, ""tourism:information"": 1331, ""tourism:attraction"": 87, ""tourism:hostel"": 45, ""historic:yes"": 104, ""tourism:guest_house"": 73, ""historic:monument"": 29, ""tourism:museum"": 67, ""tourism:gallery"": 15, ""tourism:viewpoint"": 36, ""historic:archaeological_site"": 21, ""historic:memorial"": 847, ""historic:wayside_shrine"": 521, ""historic:milestone"": 3, ""historic:boundary_stone"": 151, ""tourism:artwork"": 318, ""historic:castle"": 7, ""historic:ruins"": 3, ""tourism:motel"": 1, ""historic:tomb"": 24, ""tourism:chalet"": 3, ""tourism:apartment"": 21, ""tourism:lamp"": 3, ""historic:wayside_cross"": 1, ""peak"": 3, ""historic:aircraft"": 1, ""historic:house"": 1, ""historic:batttlefield"": 1, ""historic:battlefield"": 4, ""historic:building"": 27, ""historic:manor"": 4, ""leisure:park"": 87, ""historic:city_gate"": 5, ""historic:monastery"": 1, ""historic:palace"": 1, ""tourism:gate"": 1, ""tourism:yes"": 1, ""historic:heritage"": 3, ""historic:tunnel"": 1, ""historic:Incline_vehicle"": 2, ""tourism:zoo"": 1}"
세부,필리핀,details,Philippines,14.7921059,121.0605642,14.7921059,121.0605642,2025-09-23,27.8,26.3,87.0,16.0,5.3,23.2,"anti-chafe, breathable, deodorizing, dry-fast, hooded, lightweight, quick-dry, short-sleeve, water-resistant, windbreaker",,"{""tourism:yes"": 1, ""tourism:guest_house"": 2, ""tourism:hotel"": 2, ""tourism:apartment"": 4, ""tourism:information"": 1, ""tourism:camp_site"": 1, ""leisure:park"": 8, ""beach"": 1, ""tourism:viewpoint"": 1, ""tourism:artwork"": 1, ""leisure:stadium"": 1}"
나고야,일본,Nagoya,Japan,35.1851045,136.8998438,35.1851045,136.8998438,2025-09-23,25.3,19.5,68.0,0.0,5.75,6.5,"crossbody-bag, hiking-shoes, hooded, layering, sun-cap, trail-pants, transitional, walking-shoes, windbreaker","culture, nature, viewpoint","{""tourism:viewpoint"": 11, ""tourism:hostel"": 9, ""tourism:hotel"": 134, ""historic:wayside_shrine"": 20, ""tourism:museum"": 68, ""historic:memorial"": 41, ""historic:monument"": 2, ""tourism:artwork"": 68, ""leisure:park"": 203, ""tourism:gallery"": 2, ""tourism:information"": 107, ""historic:archaeological_site"": 1, ""historic:yes"": 12, ""historic:ruins"": 6, ""tourism:guest_house"": 4, ""tourism:yes"": 2, ""tourism:motel"": 3, ""tourism:attraction"": 12, ""tourism:apartment"": 3, ""historic:battlefield"": 1, ""historic:castle"": 2, ""historic:keep"": 1, ""leisure:stadium"": 2, ""historic:building"": 1, ""historic:manor"": 2, ""sport:multi"": 1}"
하와이,미국,Hawaii,United States,19.5938015,-155.4283701,19.5938015,-155.4283701,2025-09-23,17.7,9.2,73.0,0.0,9.3,7.5,"UPF50+, hooded, mid-layer, sleeves, sun-cap, sunglasses, windbreaker",,
푸껫,태국,Phuket,Thailand,7.9366015,98.3529292,7.9366015,98.3529292,2025-09-23,27.9,27.3,79.0,0.5,9.1,17.4,"UPF50+, anti-chafe, breathable, deodorizing, hooded, lightweight, quick-dry, short-sleeve, sleeves, sun-cap, sunglasses, windbreaker",,"{""tourism:hotel"": 6, ""tourism:guest_house"": 2, ""tourism:attraction"": 2, ""sport:wakeboarding"": 1, ""tourism:zoo"": 1, ""tourism:viewpoint"": 1, ""leisure:golf_course"": 1, ""leisure:park"": 1, ""tourism:museum"": 1}"
치앙마이,태국,Chiang Mai,Thailand,18.7882778,98.9858802,18.7882778,98.9858802,2025-09-23,31.4,24.5,82.0,2.7,8.2,8.7,"UPF50+, anti-chafe, breathable, crossbody-bag, deodorizing, hiking-shoes, hooded, lightweight, quick-dry, short-sleeve, sleeves, sun-cap, sunglasses, trail-pants, walking-shoes, windbreaker","culture, nature, viewpoint","{""tourism:viewpoint"": 5, ""tourism:guest_house"": 477, ""historic:ruins"": 16, ""tourism:hotel"": 422, ""tourism:attraction"": 62, ""historic:city_gate"": 5, ""tourism:hostel"": 207, ""tourism:museum"": 19, ""historic:monument"": 10, ""tourism:artwork"": 25, ""tourism:motel"": 11, ""tourism:yes"": 8, ""historic:aircraft"": 1, ""tourism:information"": 15, ""tourism:gallery"": 4, ""historic:memorial"": 13, ""leisure:stadium"": 6, ""sport:boxing"": 2, ""leisure:park"": 42, ""tourism:chalet"": 1, ""tourism:camp_site"": 1, ""historic:wayside_shrine"": 2, ""tourism:apartment"": 34, ""historic:fort"": 1, ""leisure:golf_course"": 2, ""sport:athletics"": 1, ""historic:yes"": 7, ""sport:football"": 1, ""sport:golf"": 1, ""historic:citywalls"": 1}"
마카오,마카오,Macau,Macau,22.1899448,113.5380454,22.1899448,113.5380454,2025-09-23,31.1,25.9,77.0,0.9,6.05,30.1,"UPF50+, anti-chafe, comfortable-sneakers, cooling, crossbody-bag, deodorizing, hiking-shoes, hooded, linen, mesh, packable-poncho, quick-dry, rashguard, sandals, sun-cap, sun-care, swimwear, trail-pants, ultra-light, walking-shoes, water-shoes, windbreaker","culture, island, nature, theme-park, viewpoint","{""tourism:museum"": 28, ""tourism:artwork"": 24, ""tourism:hotel"": 67, ""tourism:viewpoint"": 9, ""leisure:park"": 120, ""tourism:attraction"": 23, ""tourism:hostel"": 9, ""tourism:guest_house"": 2, ""historic:citywalls"": 1, ""bay"": 7, ""historic:memorial"": 5, ""tourism:caravan_site"": 1, ""tourism:apartment"": 3, ""peak"": 8, ""tourism:gallery"": 8, ""historic:boundary_stone"": 1, ""historic:monument"": 5, ""historic:ruins"": 4, ""tourism:information"": 3, ""coastline"": 17, ""island"": 6, ""historic:fort"": 4, ""leisure:golf_course"": 1, ""historic:heritage"": 1, ""historic:building"": 7, ""historic:tomb"": 1, ""beach"": 1, ""leisure:stadium"": 2, ""sport:basketball"": 1, ""leisure:resort"": 4, ""historic:archaeological_site"": 1, ""leisure:marina"": 1, ""tourism:theme_park"": 1, ""leisure:common"": 1}"
호주,호주,australia,australia,-24.7761086,134.755,-24.7761086,134.755,2025-09-23,24.3,13.0,35.0,0.0,7.65,32.0,"hooded, layering, sun-care, transitional, windbreaker",,
몽골,몽골,Mongolia,Mongolia,46.8250388,103.8499736,46.8250388,103.8499736,2025-09-23,8.1,2.3,83.0,16.3,2.55,32.9,"anti-chafe, deodorizing, down, dry-fast, hooded, insulated, quick-dry, thermal, water-resistant, windbreaker",,
보홀,필리핀,Bohol,Philippines,9.833333,124.1615579,9.833333,124.1615579,2025-09-23,31.4,25.8,79.0,0.0,8.85,13.2,"UPF50+, anti-chafe, cooling, deodorizing, hiking-shoes, hooded, linen, mesh, quick-dry, sleeves, sun-cap, sunglasses, trail-pants, ultra-light, windbreaker",nature,"{""peak"": 25, ""tourism:hotel"": 2, ""tourism:viewpoint"": 1}"
칭다오,중국,Qingdao,china,36.0663249,120.3777659,36.0663249,120.3777659,2025-09-23,21.5,19.7,95.0,37.5,1.2,12.5,"anti-chafe, deodorizing, hiking-shoes, hooded, layering, packable-poncho, packable-umbrella, quick-dry, rashguard, sandals, sun-cap, swimwear, trail-pants, transitional, water-shoes, waterproof-jacket, windbreaker","beach, nature, viewpoint","{""tourism:viewpoint"": 2, ""tourism:artwork"": 7, ""tourism:hotel"": 38, ""tourism:hostel"": 2, ""tourism:motel"": 2, ""tourism:information"": 2, ""tourism:attraction"": 5, ""peak"": 1, ""tourism:apartment"": 4, ""historic:ruins"": 2, ""tourism:guest_house"": 2, ""coastline"": 11, ""leisure:park"": 55, ""beach"": 3, ""leisure:stadium"": 9, ""tourism:museum"": 2, ""tourism:chalet"": 1, ""historic:monument"": 1, ""historic:fort"": 1, ""bay"": 4, ""leisure:marina"": 1}"
튀르키예,튀르키예,Turkiye,Turkiye,39.294076,35.2316631,39.294076,35.2316631,2025-09-23,24.8,7.6,42.0,0.0,6.25,10.7,"hooded, mid-layer, sun-care, windbreaker",,
하노이,베트남,Hanoi,Vietnam,21.0283334,105.854041,21.0283334,105.854041,2025-09-23,31.3,25.5,83.0,3.8,8.15,10.5,"UPF50+, anti-chafe, cooling, crossbody-bag, deodorizing, hiking-shoes, hooded, linen, mesh, quick-dry, rashguard, sandals, sleeves, sun-cap, sunglasses, swimwear, trail-pants, ultra-light, walking-shoes, water-shoes, windbreaker","culture, island, nature, viewpoint","{""tourism:hotel"": 460, ""historic:memorial"": 14, ""tourism:attraction"": 39, ""tourism:artwork"": 41, ""tourism:information"": 37, ""tourism:hostel"": 104, ""tourism:guest_house"": 35, ""tourism:gallery"": 14, ""historic:ruins"": 3, ""tourism:museum"": 16, ""historic:monument"": 9, ""tourism:viewpoint"": 14, ""leisure:park"": 57, ""tourism:apartment"": 19, ""tourism:motel"": 3, ""tourism:chalet"": 2, ""historic:archaeological_site"": 3, ""historic:castle"": 2, ""island"": 2, ""historic:city_gate"": 3, ""historic:building"": 2, ""historic:yes"": 1, ""leisure:stadium"": 2, ""sport:soccer;athletics"": 1, ""historic:house"": 1, ""historic:castle_wall"": 2, ""sport:soccer;basketball;running;athletics;volleyball"": 1, ""historic:manor"": 4, ""tourism:camp_site"": 1, ""leisure:marina"": 1, ""beach"": 1}"
시드니,호주,Sydney,australia,-33.8698439,151.2082848,-33.8698439,151.2082848,2025-09-23,18.1,6.2,57.0,0.0,6.65,13.3,"UPF50+, comfortable-sneakers, crossbody-bag, deck-shoes, hiking-shoes, hooded, light-cardigan, mid-layer, packable-poncho, rashguard, sandals, sun-cap, sun-care, swimwear, trail-pants, walking-shoes, water-shoes, windbreaker","beach, culture, island, marina, nature, theme-park, viewpoint","{""tourism:attraction"": 58, ""historic:memorial"": 418, ""tourism:artwork"": 365, ""tourism:hostel"": 43, ""tourism:hotel"": 133, ""historic:yes"": 27, ""tourism:museum"": 22, ""bay"": 22, ""leisure:marina"": 11, ""tourism:information"": 496, ""tourism:viewpoint"": 46, ""tourism:Redfern AMS"": 1, ""tourism:picnic_site"": 14, ""historic:milestone"": 1, ""tourism:gallery"": 56, ""historic:ruins"": 6, ""historic:monument"": 13, ""tourism:Tour"": 1, ""historic:cannon"": 11, ""historic:railway"": 1, ""historic:archaeological_site"": 6, ""leisure:park"": 321, ""tourism:apartment"": 11, ""tourism:motel"": 2, ""tourism:aquarium"": 3, ""peak"": 1, ""tourism:yes"": 4, ""historic:industrial"": 2, ""historic:anchor"": 1, ""historic:tomb"": 1, ""historic:tram"": 1, ""historic:house"": 2, ""historic:building"": 37, ""historic:ship"": 4, ""leisure:stadium"": 3, ""sport:dog_racing"": 1, ""historic:heritage"": 1, ""beach"": 13, ""historic:church"": 1, ""historic:heritage_building"": 1, ""historic:wreck"": 1, ""tourism:chalet"": 1, ""tourism:guest_house"": 1, ""island"": 1, ""historic:cottage"": 1, ""historic:martello_tower"": 1, ""historic:city_gate"": 2, ""leisure:art_gallery"": 1, ""tourism:zoo"": 1, ""leisure:outdoor_seating"": 1, ""leisure:golf_course"": 1, ""tourism:theme_park"": 1, ""historic:fort"": 1}"
중국,중국,china,china,35.000074,104.999927,35.000074,104.999927,2025-09-23,19.2,10.1,61.0,0.1,7.05,30.5,"hooded, mid-layer, sun-care, windbreaker",,"{""historic:fort"": 3}"
뉴욕,미국,New York,United States,40.7127281,-74.0060152,40.7127281,-74.0060152,2025-09-23,22.1,16.7,75.0,0.0,5.85,17.0,"anti-chafe, crossbody-bag, deck-shoes, deodorizing, hiking-shoes, hooded, layering, light-cardigan, quick-dry, rashguard, sandals, sun-cap, swimwear, trail-pants, transitional, walking-shoes, water-shoes, windbreaker","beach, culture, island, marina, nature, viewpoint","{""tourism:yes"": 9, ""tourism:attraction"": 49, ""historic:yes"": 22, ""historic:district"": 7, ""leisure:park"": 228, ""historic:maritime"": 14, ""tourism:gallery"": 100, ""historic:heritage"": 2, ""sport:billiards"": 4, ""tourism:museum"": 41, ""bay"": 4, ""tourism:artwork"": 143, ""historic:memorial"": 89, ""tourism:hotel"": 121, ""tourism:viewpoint"": 39, ""historic:railway_station"": 1, ""tourism:information"": 171, ""tourism:hostel"": 2, ""historic:cannon"": 7, ""historic:monument"": 19, ""tourism:aquarium"": 1, ""tourism:apartment"": 4, ""historic:manor"": 1, ""historic:technical_monument"": 1, ""tourism:picnic_site"": 7, ""historic:ruins"": 1, ""historic:bell"": 1, ""historic:tomb"": 1, ""leisure:marina"": 5, ""historic:locomotive"": 1, ""coastline"": 28, ""historic:building"": 10, ""historic:ship"": 4, ""historic:church"": 1, ""historic:city_gate"": 1, ""beach"": 5, ""historic:neighbourhood"": 1, ""tourism:historic"": 1, ""historic:lighthouse"": 1, ""leisure:pitch"": 1, ""sport:skateboard"": 1, ""leisure:garden"": 1, ""sport:canoeing"": 1, ""historic:fort"": 3, ""island"": 3}"
스페인,스페인,Spain,Spain,39.3260685,-4.8379791,39.3260685,-4.8379791,2025-09-23,24.3,8.8,36.0,0.0,6.0,13.0,"hiking-shoes, hooded, mid-layer, sun-cap, sun-care, trail-pants, windbreaker",nature,"{""peak"": 3}"
스위스,스위스,Swiss,Swiss,46.7985624,8.2319736,46.7985624,8.2319736,2025-09-23,7.6,5.1,100.0,11.7,4.7,10.2,"anti-chafe, deodorizing, down, dry-fast, hooded, insulated, quick-dry, thermal, water-resistant, windbreaker",,
코타키나발루,말레이시아,Kota Kinabalu,malaysia,5.9780066,116.0728988,5.9780066,116.0728988,2025-09-23,32.0,26.9,67.0,0.0,9.0,16.6,"UPF50+, comfortable-sneakers, cooling, crossbody-bag, hiking-shoes, hooded, linen, mesh, packable-poncho, rashguard, sandals, sleeves, sun-cap, sunglasses, swimwear, trail-pants, ultra-light, walking-shoes, water-shoes, windbreaker","culture, island, nature, theme-park, viewpoint","{""tourism:hotel"": 69, ""tourism:museum"": 5, ""historic:memorial"": 4, ""tourism:motel"": 3, ""tourism:hostel"": 34, ""tourism:attraction"": 30, ""tourism:viewpoint"": 3, ""tourism:guest_house"": 5, ""historic:wayside_shrine"": 1, ""tourism:information"": 22, ""tourism:artwork"": 5, ""peak"": 1, ""historic:monument"": 2, ""tourism:apartment"": 6, ""coastline"": 51, ""island"": 2, ""leisure:stadium"": 2, ""sport:multi"": 1, ""leisure:park"": 16, ""leisure:golf_course"": 2, ""beach"": 2, ""leisure:marina"": 1, ""tourism:gallery"": 1, ""tourism:theme_park"": 1}"
사이판,마리아나 제도,Saipan,Mariana Islands,13.4501175,144.7577088,13.4501175,144.7577088,2025-09-23,28.4,27.7,83.0,8.0,9.1,19.7,"UPF50+, anti-chafe, cooling, crossbody-bag, deodorizing, dry-fast, hiking-shoes, hooded, linen, mesh, quick-dry, sleeves, sun-cap, sunglasses, trail-pants, ultra-light, walking-shoes, water-resistant, windbreaker","culture, nature, viewpoint","{""peak"": 4, ""leisure:park"": 9, ""tourism:hotel"": 2, ""historic:memorial"": 2, ""tourism:attraction"": 8, ""historic:fort"": 2, ""historic:monument"": 8, ""tourism:viewpoint"": 2}"
이탈리아,이탈리아,Italy,Italy,42.6384261,12.674297,42.6384261,12.674297,2025-09-23,22.7,15.7,68.0,0.3,5.2,17.7,"hiking-shoes, hooded, layering, sun-cap, trail-pants, transitional, windbreaker","nature, viewpoint","{""peak"": 12, ""historic:ruins"": 2, ""tourism:viewpoint"": 3, ""historic:wayside_cross"": 1, ""historic:wayside_shrine"": 1, ""historic:building"": 1}"
파리,프랑스,fly,France,47.3376291,3.4104252,47.3376291,3.4104252,2025-09-23,11.8,8.2,89.0,4.7,2.8,25.7,"anti-chafe, deodorizing, hooded, mid-layer, quick-dry, windbreaker",,"{""historic:castle"": 2, ""tourism:museum"": 1, ""tourism:information"": 1, ""historic:memorial"": 2, ""tourism:apartment"": 1, ""tourism:guest_house"": 1, ""tourism:attraction"": 1}"
호찌민,베트남,Ho Chi Minh,Vietnam,10.7755254,106.7021047,10.7755254,106.7021047,2025-09-23,31.7,24.6,81.0,0.0,8.1,18.1,"UPF50+, anti-chafe, cooling, crossbody-bag, deodorizing, hiking-shoes, hooded, linen, mesh, quick-dry, sleeves, sun-cap, sunglasses, trail-pants, ultra-light, walking-shoes, windbreaker","culture, nature, viewpoint","{""leisure:stadium"": 1, ""tourism:hotel"": 381, ""tourism:artwork"": 32, ""tourism:guest_house"": 29, ""tourism:information"": 11, ""tourism:museum"": 15, ""historic:monument"": 2, ""historic:memorial"": 17, ""historic:tank"": 3, ""tourism:gallery"": 2, ""tourism:hostel"": 96, ""tourism:motel"": 2, ""leisure:park"": 91, ""tourism:apartment"": 17, ""tourism:attraction"": 33, ""tourism:picnic_site"": 1, ""historic:aircraft"": 8, ""tourism:Ticket_Airlines_Airvina.vn"": 1, ""historic:locomotive"": 1, ""tourism:viewpoint"": 3, ""tourism:zoo"": 12, ""historic:yes"": 5, ""historic:cannon"": 3, ""historic:ruins"": 2, ""historic:tomb"": 6, ""leisure:marina"": 1, ""historic:heritage"": 2, ""leisure:golf_course"": 2, ""historic:building"": 1}"
타이베이,대만,Taipei,taiwan,25.0375198,121.5636796,25.0375198,121.5636796,2025-09-23,29.6,28.2,75.0,0.0,4.65,25.2,"anti-chafe, cooling, crossbody-bag, deodorizing, hiking-shoes, hooded, linen, mesh, quick-dry, sun-cap, trail-pants, ultra-light, walking-shoes, windbreaker","culture, nature, viewpoint","{""peak"": 22, ""tourism:viewpoint"": 59, ""tourism:information"": 314, ""historic:wayside_shrine"": 5, ""tourism:artwork"": 38, ""tourism:hotel"": 89, ""historic:monument"": 4, ""historic:tomb"": 8, ""historic:memorial"": 15, ""tourism:hostel"": 10, ""tourism:motel"": 1, ""tourism:attraction"": 21, ""tourism:museum"": 7, ""historic:yes"": 4, ""tourism:guest_house"": 1, ""tourism:aquarium"": 1, ""historic:mine"": 1, ""tourism:gallery"": 3, ""tourism:picnic_site"": 2, ""leisure:golf_course"": 1, ""leisure:park"": 252, ""leisure:stadium"": 5, ""historic:building"": 5, ""historic:manor"": 1, ""sport:baseball"": 1, ""historic:heritage"": 2, ""leisure:hackerspace"": 1, ""tourism:yes"": 1}"
두바이,아랍에미리트,Dubai,Arab Emirates,25.0726364,55.1243894,25.0726364,55.1243894,2025-09-23,33.0,31.2,76.0,0.0,7.95,15.3,"UPF50+, anti-chafe, comfortable-sneakers, cooling, deodorizing, hiking-shoes, hooded, linen, mesh, packable-poncho, quick-dry, rashguard, sandals, sun-cap, sun-care, swimwear, trail-pants, ultra-light, water-shoes, windbreaker","beach, island, nature, theme-park, viewpoint","{""tourism:hotel"": 50, ""historic:wayside_cross"": 1, ""tourism:picnic_site"": 2, ""tourism:guest_house"": 1, ""tourism:viewpoint"": 6, ""tourism:attraction"": 4, ""tourism:information"": 9, ""tourism:apartment"": 13, ""tourism:artwork"": 25, ""tourism:hostel"": 4, ""tourism:parachuting_center"": 1, ""sport:parachuting"": 1, ""tourism:gallery"": 1, ""tourism:lean_to"": 1, ""beach"": 13, ""tourism:museum"": 1, ""tourism:theme_park"": 1, ""coastline"": 24, ""leisure:park"": 22, ""tourism:desert safari dubai"": 1, ""leisure:beach_resort"": 2, ""island"": 3, ""leisure:marina"": 1, ""bay"": 1}"
로스앤젤레스,미국,Los Angeles,United States,34.0536909,-118.242766,34.0536909,-118.242766,2025-09-23,30.9,17.4,79.0,0.0,6.95,15.1,"anti-chafe, breathable, crossbody-bag, deodorizing, hiking-shoes, hooded, lightweight, quick-dry, short-sleeve, sun-cap, sun-care, trail-pants, walking-shoes, windbreaker","culture, nature, viewpoint","{""historic:district"": 4, ""historic:restaurant"": 1, ""tourism:picnic_site"": 7, ""tourism:museum"": 26, ""tourism:gallery"": 27, ""tourism:artwork"": 73, ""tourism:viewpoint"": 6, ""historic:monument"": 12, ""historic:memorial"": 17, ""tourism:information"": 19, ""historic:museu"": 1, ""tourism:motel"": 7, ""tourism:attraction"": 12, ""tourism:hostel"": 1, ""historic:building"": 33, ""tourism:yes"": 3, ""tourism:hotel"": 62, ""sport:basketball"": 7, ""sport:boxing"": 1, ""sport:ice_hockey"": 2, ""historic:yes"": 16, ""historic:bridge"": 6, ""leisure:park"": 47, ""leisure:stadium"": 4, ""historic:fire_station"": 1, ""historic:hotel"": 2, ""historic:church"": 1, ""sport:multi;basketball;ice_hockey"": 1, ""historic:department_store"": 1, ""leisure:garden"": 1, ""historic:gateway"": 1, ""sport:baseball"": 1}"
가오슝,대만,Kaohsiung,taiwan,22.6203348,120.3120375,22.6203348,120.3120375,2025-09-23,31.1,27.2,74.0,1.3,5.2,36.4,"comfortable-sneakers, cooling, crossbody-bag, deck-shoes, hiking-shoes, hooded, light-cardigan, linen, mesh, packable-poncho, rashguard, sandals, sun-cap, swimwear, trail-pants, ultra-light, walking-shoes, water-shoes, windbreaker","culture, island, marina, nature, theme-park, viewpoint","{""tourism:artwork"": 28, ""tourism:attraction"": 18, ""tourism:hotel"": 79, ""tourism:information"": 17, ""tourism:hostel"": 16, ""historic:ruins"": 2, ""historic:memorial"": 8, ""tourism:museum"": 7, ""tourism:apartment"": 1, ""tourism:viewpoint"": 4, ""tourism:gallery"": 1, ""bay"": 1, ""tourism:guest_house"": 1, ""leisure:park"": 140, ""historic:yes"": 1, ""coastline"": 22, ""tourism:motel"": 3, ""leisure:stadium"": 4, ""historic:monument"": 2, ""historic:building"": 3, ""island"": 5, ""leisure:marina"": 3, ""tourism:theme_park"": 1}"
포르투갈,포르투갈,Portugal,Portugal,39.6621648,-8.1353519,39.6621648,-8.1353519,2025-09-23,23.7,11.5,50.0,0.0,6.0,15.3,"hiking-shoes, hooded, mid-layer, sun-cap, sun-care, trail-pants, windbreaker",nature,"{""tourism:attraction"": 1, ""peak"": 6, ""tourism:museum"": 2, ""tourism:hotel"": 1, ""tourism:guest_house"": 1, ""tourism:information"": 1, ""tourism:artwork"": 1, ""historic:artwork"": 1, ""tourism:caravan_site"": 1, ""historic:archaeological_site"": 1, ""historic:ruins"": 1, ""historic:wash_house"": 1, ""leisure:stadium"": 1}"
미국,미국,USA,United States,39.7837304,-100.445882,39.7837304,-100.445882,2025-09-23,29.5,16.0,71.0,15.1,6.0,22.7,"dry-fast, hooded, layering, sun-care, transitional, water-resistant, windbreaker",,
프라하,체코,Prague,Czechia,50.0874654,14.4212535,50.0874654,14.4212535,2025-09-23,14.6,10.5,76.0,0.3,2.25,15.2,"anti-chafe, boat-jacket, comfortable-sneakers, crossbody-bag, deck-shoes, deodorizing, hiking-shoes, hooded, light-cardigan, mid-layer, packable-poncho, quick-dry, rashguard, sun-cap, trail-pants, walking-shoes, windbreaker","culture, diving, marina, nature, theme-park, viewpoint","{""tourism:hotel"": 456, ""tourism:viewpoint"": 123, ""tourism:museum"": 123, ""tourism:information"": 403, ""tourism:apartment"": 36, ""tourism:hostel"": 80, ""tourism:artwork"": 313, ""tourism:guest_house"": 41, ""tourism:attraction"": 72, ""historic:memorial"": 997, ""historic:city_gate"": 12, ""tourism:picnic_site"": 17, ""historic:yes"": 81, ""historic:restaurant"": 1, ""tourism:gallery"": 45, ""historic:ruins"": 12, ""historic:boundary_stone"": 3, ""historic:wayside_shrine"": 24, ""historic:archaeological_site"": 1, ""peak"": 4, ""sport:scuba_diving"": 3, ""tourism:theme_park"": 3, ""tourism:zoo"": 2, ""historic:monument"": 8, ""historic:building"": 7, ""tourism:wine_cellar"": 1, ""leisure:marina"": 9, ""historic:wayside_cross"": 12, ""historic:tomb"": 63, ""tourism:yes"": 10, ""leisure:picnic_table"": 1, ""historic:highwater_mark"": 2, ""tourism:quest"": 1, ""historic:castle"": 92, ""historic:battlefield"": 1, ""historic:aircraft"": 1, ""historic:church"": 7, ""historic:citywalls"": 2, ""leisure:stadium"": 8, ""leisure:park"": 197, ""historic:synagogue"": 1, ""historic:monastery"": 10, ""historic:house"": 4, ""sport:ice_hockey;ice_skating"": 1, ""sport:field_hockey"": 1, ""leisure:golf_course"": 1, ""sport:golf"": 1, ""tourism:motel"": 1, ""tourism:camp_site"": 3, ""historic:tower"": 1, ""historic:district"": 1, ""historic:railway"": 4, ""tourism:aquarium"": 1, ""sport:football"": 1, ""leisure:garden"": 1, ""historic:park"": 1}"
바르셀로나,스페인,Barcelona,Spain,41.3825802,2.177073,41.3825802,2.177073,2025-09-23,23.8,16.5,62.0,0.5,5.55,16.3,"crossbody-bag, deck-shoes, hiking-shoes, hooded, layering, light-cardigan, rashguard, sandals, sun-cap, swimwear, trail-pants, transitional, walking-shoes, water-shoes, windbreaker","beach, culture, island, marina, nature, viewpoint","{""tourism:hotel"": 395, ""tourism:apartment"": 45, ""historic:city_gate"": 3, ""tourism:artwork"": 457, ""historic:memorial"": 205, ""tourism:information"": 361, ""historic:monument"": 53, ""tourism:hostel"": 126, ""tourism:attraction"": 95, ""tourism:museum"": 67, ""tourism:viewpoint"": 42, ""tourism:picnic_site"": 18, ""leisure:hotel"": 1, ""tourism:guest_house"": 27, ""historic:yes"": 36, ""historic:archaeological_site;ruins"": 1, ""peak"": 2, ""historic:citywalls"": 14, ""leisure:marina"": 6, ""historic:archaeological_site"": 13, ""tourism:winery"": 3, ""tourism:motel"": 1, ""historic:ruins"": 4, ""historic:cannon"": 8, ""tourism:gallery"": 36, ""historic:wayside_cross"": 2, ""historic:arcada_romanica"": 1, ""historic:ship"": 1, ""historic:building"": 15, ""tourism:chalet"": 1, ""leisure:picnic_table"": 2, ""historic:wayside_shrine"": 4, ""tourism:anchor"": 1, ""tourism:yes"": 11, ""coastline"": 23, ""leisure:park"": 151, ""beach"": 6, ""leisure:stadium"": 2, ""sport:soccer;athletics"": 1, ""historic:castle"": 46, ""tourism:zoo"": 2, ""leisure:golf_course"": 1, ""leisure:garden"": 1, ""historic:heritage"": 5, ""historic:water:moat"": 1, ""tourism:balcony"": 1, ""island"": 1, ""tourism:aquarium"": 1}"
다롄,중국,Dalian,china,39.740278,122.255833,39.740278,122.255833,2025-09-23,20.8,17.4,85.0,33.3,4.75,18.6,"anti-chafe, deodorizing, hooded, layering, packable-umbrella, quick-dry, transitional, waterproof-jacket, windbreaker",,
마쓰야마,일본,Matsuyama,Japan,33.8395188,132.7653521,33.8395188,132.7653521,2025-09-23,24.8,21.5,81.0,0.4,4.4,7.5,"anti-chafe, crossbody-bag, deodorizing, hiking-shoes, hooded, layering, quick-dry, sun-cap, trail-pants, transitional, walking-shoes, windbreaker","culture, nature, viewpoint","{""historic:castle"": 4, ""peak"": 3, ""tourism:hotel"": 50, ""tourism:museum"": 18, ""tourism:hostel"": 3, ""tourism:information"": 63, ""historic:yes"": 1, ""historic:memorial"": 9, ""tourism:attraction"": 14, ""historic:boundary_stone"": 3, ""tourism:artwork"": 4, ""leisure:park"": 58, ""historic:wayside_shrine"": 2, ""tourism:guest_house"": 1, ""historic:tomb"": 1, ""tourism:viewpoint"": 2, ""historic:archaeological_site"": 3}"
사파,베트남,Sapa,Vietnam,22.3359172,103.8423664,22.3359172,103.8423664,2025-09-23,22.5,18.2,90.0,4.0,7.3,9.7,"anti-chafe, crossbody-bag, deodorizing, hooded, layering, quick-dry, sun-care, transitional, walking-shoes, windbreaker","culture, viewpoint","{""tourism:hotel"": 132, ""tourism:guest_house"": 16, ""tourism:viewpoint"": 27, ""tourism:attraction"": 9, ""tourism:information"": 4, ""tourism:hostel"": 25, ""tourism:museum"": 1, ""tourism:artwork"": 2, ""tourism:motel"": 7, ""historic:memorial"": 1, ""peak"": 2, ""tourism:chalet"": 3, ""leisure:park"": 1, ""tourism:camp_site"": 1}"
런던,영국,London,United Kingdom,51.4893335,-0.1440551,51.4893335,-0.1440551,2025-09-23,16.0,8.6,58.0,0.0,4.15,15.4,"beanie, crossbody-bag, gloves, hiking-shoes, hooded, mid-layer, neck-warmer, rashguard, sandals, snow-pants, sun-cap, swimwear, thermal, trail-pants, walking-shoes, water-shoes, waterproof-jacket, windbreaker","beach, culture, nature, ski, viewpoint","{""historic:memorial"": 552, ""tourism:artwork"": 259, ""historic:monument"": 26, ""tourism:hotel"": 270, ""tourism:museum"": 33, ""tourism:aquarium"": 2, ""historic:statue"": 2, ""historic:clock"": 2, ""tourism:attraction"": 102, ""tourism:gallery"": 81, ""tourism:guest_house"": 7, ""historic:blue_plaque"": 1, ""tourism:viewpoint"": 5, ""historic:cannon"": 2, ""tourism:information"": 268, ""tourism:hostel"": 17, ""tourism:plaque"": 1, ""historic:relic"": 1, ""tourism:apartment"": 35, ""historic:Bude_Light"": 4, ""historic:Dartmouth House"": 1, ""historic:technical_monument"": 1, ""historic:tomb"": 5, ""tourism:yes"": 16, ""historic:city_gate"": 3, ""historic:police_telephone"": 1, ""historic:yes"": 32, ""tourism:street_performance"": 2, ""leisure:sports_centre"": 1, ""sport:skateboard"": 1, ""tourism:picnic_site"": 3, ""peak"": 3, ""sport:skiing"": 1, ""historic:tank"": 1, ""historic:ruins"": 2, ""historic:wayside_cross"": 1, ""historic:stinkpipe"": 1, ""historic:bollard"": 4, ""historic:lamp_post"": 1, ""historic:archaeological_site"": 1, ""historic:vehicle"": 3, ""leisure:park"": 163, ""historic:park"": 4, ""leisure:garden"": 4, ""leisure:stadium"": 1, ""sport:cricket"": 1, ""leisure:marina"": 1, ""historic:ship"": 1, ""historic:castle"": 8, ""tourism:zoo"": 1, ""historic:building"": 27, ""historic:shelter"": 1, ""leisure:golf_course"": 1, ""historic:house"": 1, ""tourism:shopping"": 1, ""historic:column"": 4, ""leisure:bandstand"": 2, ""historic:pillory"": 15, ""beach"": 21, ""sport:climbing_adventure"": 1, ""leisure:beach_resort"": 1, ""historic:wall"": 1, ""historic:railway_station"": 1, ""historic:roman_road"": 3, ""tourism:park"": 1}"
로마,이탈리아,Rome,Italy,41.8933203,12.4829321,41.8933203,12.4829321,2025-09-23,26.8,20.2,74.0,1.4,5.6,14.3,"crossbody-bag, hiking-shoes, hooded, layering, sun-cap, trail-pants, transitional, walking-shoes, windbreaker","culture, nature, viewpoint","{""tourism:attraction"": 169, ""historic:sarcophagus"": 1, ""historic:ruins"": 162, ""historic:city_gate"": 39, ""tourism:hotel"": 620, ""historic:monument"": 46, ""historic:wayside_shrine"": 31, ""historic:memorial"": 306, ""tourism:artwork"": 407, ""tourism:viewpoint"": 63, ""tourism:information"": 189, ""tourism:hostel"": 48, ""tourism:museum"": 117, ""tourism:guest_house"": 127, ""historic:fountain"": 4, ""historic:column"": 2, ""historic:archaeological_site"": 182, ""historic:temple"": 6, ""tourism:gallery"": 16, ""historic:relic"": 2, ""historic:tomb"": 28, ""tourism:apartment"": 40, ""leisure:park"": 224, ""historic:wayside_cross"": 6, ""historic:epigraph"": 1, ""tourism:business"": 1, ""tourism:motel"": 2, ""historic:yes"": 68, ""peak"": 3, ""tourism:picnic_site"": 2, ""historic:cannonball"": 1, ""historic:heritage"": 1, ""historic:milestone"": 2, ""historic:building"": 13, ""historic:aqueduct"": 9, ""historic:boundary_stone"": 1, ""historic:castle"": 4, ""historic:aquarium"": 1, ""historic:tower_house"": 1, ""tourism:yes"": 7, ""historic:gasometer"": 1, ""leisure:garden"": 2, ""historic:manor"": 2, ""historic:citywalls"": 116, ""historic:villa"": 1, ""historic:church"": 24, ""historic:theatre"": 1, ""historic:castle_wall"": 2, ""historic:monastery"": 9, ""historic:wall"": 1, ""leisure:stadium"": 1, ""sport:athletics"": 1, ""historic:road"": 1, ""historic:pilar"": 7, ""historic:thermae"": 1, ""tourism:zoo"": 1, ""historic:bridge"": 3, ""historic:tower"": 1}"
베이징,중국,Peking,china,40.190632,116.412144,40.190632,116.412144,2025-09-23,21.0,13.5,78.0,0.0,2.4,6.0,"anti-chafe, deodorizing, hooded, mid-layer, quick-dry, windbreaker",,"{""tourism:hotel"": 1, ""leisure:park"": 5, ""leisure:golf_course"": 1}"
캐나다,캐나다,Canada,Canada,61.0666922,-107.991707,61.0666922,-107.991707,2025-09-23,17.6,10.2,68.0,0.1,3.0,19.4,"hooded, mid-layer, windbreaker",,
필리핀,필리핀,Philippines,Philippines,12.7503486,122.7312101,12.7503486,122.7312101,2025-09-23,29.1,28.5,77.0,5.9,5.55,24.6,"anti-chafe, cooling, deodorizing, dry-fast, hooded, linen, mesh, quick-dry, ultra-light, water-resistant, windbreaker",,
고베,일본,Kobe,Japan,34.6932379,135.1943764,34.6932379,135.1943764,2025-09-23,23.5,20.3,75.0,2.7,5.55,11.0,"anti-chafe, crossbody-bag, deodorizing, hiking-shoes, hooded, layering, quick-dry, rashguard, sandals, sun-cap, swimwear, trail-pants, transitional, walking-shoes, water-shoes, windbreaker","culture, island, nature, viewpoint","{""tourism:museum"": 27, ""tourism:viewpoint"": 22, ""tourism:hotel"": 68, ""tourism:artwork"": 112, ""historic:memorial"": 215, ""historic:monument"": 11, ""tourism:information"": 239, ""peak"": 6, ""historic:wayside_shrine"": 66, ""tourism:picnic_site"": 1, ""tourism:yes"": 3, ""tourism:attraction"": 33, ""historic:boundary_stone"": 2, ""historic:milestone"": 14, ""tourism:guest_house"": 3, ""tourism:camp_site"": 1, ""tourism:apartment"": 1, ""historic:yes"": 40, ""tourism:hostel"": 5, ""leisure:park"": 79, ""tourism:aquarium"": 1, ""leisure:stadium"": 4, ""sport:table_tennis"": 1, ""historic:archaeological_site"": 1, ""tourism:gallery"": 1, ""coastline"": 12, ""tourism:zoo"": 1, ""historic:manor"": 19, ""historic:house"": 1, ""sport:golf"": 1, ""historic:city_gate"": 1, ""leisure:golf_course"": 1, ""beach"": 1, ""historic:railway_car"": 2, ""historic:locomotive"": 2, ""sport:basketball"": 1, ""island"": 2}"
이집트,이집트,Egypt,Egypt,26.2540493,29.2675469,26.2540493,29.2675469,2025-09-23,33.8,22.3,31.0,0.0,6.75,16.2,"cooling, hooded, linen, mesh, sun-care, ultra-light, windbreaker",,
라오스,라오스,Laos,Laos,20.0171109,103.378253,20.0171109,103.378253,2025-09-23,29.4,23.0,82.0,7.2,8.3,7.2,"UPF50+, anti-chafe, breathable, deodorizing, dry-fast, hooded, lightweight, quick-dry, short-sleeve, sleeves, sun-cap, sunglasses, water-resistant, windbreaker",,
보라카이,필리핀,Boracay,Philippines,11.9693692,121.9227339,11.9693692,121.9227339,2025-09-23,29.6,27.1,84.0,13.1,8.25,24.5,"UPF50+, anti-chafe, boat-jacket, comfortable-sneakers, cooling, crossbody-bag, deodorizing, dry-fast, hooded, linen, mesh, packable-poncho, quick-dry, rashguard, sandals, sleeves, sun-cap, sunglasses, swimwear, ultra-light, walking-shoes, water-resistant, water-shoes, windbreaker","beach, culture, diving, island, theme-park, viewpoint","{""tourism:viewpoint"": 2, ""peak"": 2, ""tourism:guest_house"": 34, ""tourism:hotel"": 244, ""historic:wayside_shrine"": 1, ""tourism:information"": 3, ""tourism:hostel"": 17, ""leisure:park"": 3, ""tourism:theme_park"": 1, ""leisure:water_park"": 1, ""leisure:resort"": 2, ""sport:kiteboarding"": 1, ""tourism:attraction"": 10, ""tourism:artwork"": 3, ""leisure:beach_resort"": 6, ""tourism:apartment"": 10, ""tourism:yes"": 2, ""beach"": 31, ""coastline"": 20, ""sport:scuba_diving"": 13, ""tourism:museum"": 1, ""tourism:motel"": 1, ""tourism:picnic_site"": 2, ""island"": 1, ""leisure:golf_course"": 1, ""sport:golf"": 1}"
구마모토,일본,Kumamoto,Japan,32.6450475,130.6341345,32.6450475,130.6341345,2025-09-23,28.8,22.5,84.0,0.2,6.85,7.6,"UPF50+, anti-chafe, breathable, deodorizing, hiking-shoes, hooded, lightweight, quick-dry, rashguard, sandals, short-sleeve, sun-cap, sun-care, swimwear, trail-pants, water-shoes, windbreaker","island, nature","{""tourism:attraction"": 1, ""tourism:artwork"": 1, ""tourism:information"": 1, ""historic:memorial"": 2, ""tourism:viewpoint"": 1, ""historic:wayside_shrine"": 2, ""historic:archaeological_site"": 3, ""tourism:hotel"": 2, ""leisure:park"": 15, ""peak"": 2, ""coastline"": 4, ""historic:building"": 2, ""leisure:golf_course"": 1, ""leisure:marina"": 1, ""historic:yes"": 1, ""island"": 1, ""bay"": 1}"
말레이시아,말레이시아,malaysia,malaysia,4.5693754,102.2656823,4.5693754,102.2656823,2025-09-23,31.3,19.5,70.0,3.5,9.25,6.6,"UPF50+, breathable, hiking-shoes, hooded, lightweight, short-sleeve, sleeves, sun-cap, sunglasses, trail-pants, windbreaker",nature,"{""peak"": 4, ""tourism:camp_site"": 2, ""tourism:viewpoint"": 1}"
장자제,중국,Jangja,china,40.8758508,126.5544672,40.8758508,126.5544672,2025-09-23,23.0,10.1,62.0,0.0,4.85,6.8,"hooded, mid-layer, windbreaker",,"{""historic:memorial"": 2}"
호이안,베트남,Hoi An,Vietnam,15.8880397,108.3367883,15.8880397,108.3367883,2025-09-23,33.2,25.6,80.0,1.6,7.6,13.6,"UPF50+, anti-chafe, comfortable-sneakers, cooling, crossbody-bag, deodorizing, hiking-shoes, hooded, linen, mesh, packable-poncho, quick-dry, rashguard, sandals, sun-cap, sun-care, swimwear, trail-pants, ultra-light, walking-shoes, water-shoes, windbreaker","culture, island, nature, theme-park","{""tourism:hotel"": 226, ""tourism:hostel"": 51, ""tourism:museum"": 11, ""tourism:attraction"": 27, ""tourism:guest_house"": 83, ""historic:monument"": 5, ""historic:memorial"": 6, ""leisure:park"": 38, ""tourism:artwork"": 23, ""tourism:information"": 13, ""tourism:apartment"": 4, ""tourism:gallery"": 3, ""tourism:motel"": 1, ""tourism:viewpoint"": 1, ""historic:city_gate"": 1, ""historic:ruins"": 2, ""tourism:theme_park"": 2, ""island"": 4, ""historic:building"": 1, ""coastline"": 1, ""tourism:Villa"": 1, ""historic:wayside_shrine"": 1, ""beach"": 1}"
뉴질랜드,뉴질랜드,New Zealand,New Zealand,-41.5000831,172.8344077,-41.5000831,172.8344077,2025-09-23,16.4,3.2,46.0,0.0,5.8,7.6,"down, hooded, insulated, thermal, windbreaker",,"{""peak"": 2, ""leisure:golf_course"": 1}"
프랑스,프랑스,france,France,46.603354,1.8883335,46.603354,1.8883335,2025-09-23,14.3,8.5,86.0,6.0,1.5,16.9,"anti-chafe, deodorizing, dry-fast, hooded, mid-layer, quick-dry, water-resistant, windbreaker",,"{""historic:memorial"": 1, ""historic:wayside_cross"": 6, ""tourism:attraction"": 3, ""tourism:information"": 10, ""historic:castle"": 1, ""leisure:park"": 2}"
조지아,조지아,Georgia,Georgia,41.6808672,44.0287806,41.6808672,44.0287806,2025-09-23,12.3,4.4,84.0,0.0,5.95,14.0,"anti-chafe, deodorizing, down, hooded, insulated, quick-dry, thermal, windbreaker",,
파타야,태국,Pattaya,Thailand,12.9366924,100.8865002,12.9366924,100.8865002,2025-09-23,29.6,28.6,77.0,4.0,8.6,13.5,"UPF50+, anti-chafe, cooling, crossbody-bag, deodorizing, hooded, linen, mesh, quick-dry, rashguard, sandals, sleeves, sun-cap, sunglasses, swimwear, ultra-light, walking-shoes, water-shoes, windbreaker","beach, culture, viewpoint","{""tourism:hotel"": 381, ""tourism:guest_house"": 521, ""tourism:apartment"": 278, ""tourism:viewpoint"": 6, ""tourism:artwork"": 17, ""historic:memorial"": 1, ""tourism:museum"": 6, ""tourism:motel"": 8, ""tourism:yes"": 7, ""tourism:zoo"": 1, ""tourism:hostel"": 8, ""historic:monument"": 1, ""tourism:information"": 3, ""tourism:spa_resort"": 2, ""tourism:attraction"": 4, ""historic:wayside_shrine"": 6, ""leisure:golf_course"": 2, ""beach"": 5, ""historic:club"": 1, ""coastline"": 1, ""leisure:park"": 4, ""leisure:resort"": 2, ""historic:aircraft"": 3}"
유후,일본,Yufu,Japan,33.1800993,131.4269323,33.1800993,131.4269323,2025-09-23,23.0,20.5,94.0,1.6,3.9,8.5,"anti-chafe, deodorizing, hooded, layering, quick-dry, transitional, windbreaker",,"{""peak"": 1, ""leisure:park"": 1}"
독일,독일,germany,Germany,51.1638175,10.4478313,51.1638175,10.4478313,2025-09-23,15.0,5.5,71.0,0.0,4.3,17.4,"hooded, mid-layer, windbreaker",,"{""historic:technical_monument"": 1, ""historic:milestone"": 1, ""historic:archaeological_site"": 12, ""tourism:artwork"": 2, ""tourism:picnic_site"": 1, ""tourism:information"": 23, ""historic:memorial"": 8, ""tourism:trail_riding_station"": 1, ""tourism:viewpoint"": 1, ""historic:ruins"": 1, ""tourism:attraction"": 3, ""tourism:apartment"": 2, ""tourism:chalet"": 10, ""tourism:museum"": 2, ""tourism:yes"": 1, ""leisure:park"": 10, ""leisure:stadium"": 1, ""sport:multi"": 1, ""tourism:hotel"": 2, ""beach"": 1, ""tourism:camp_site"": 1, ""historic:castle"": 1}"
시안,중국,cyanogen,china,,,,,,,,,,,,,,
가고시마,일본,Kagoshima,Japan,31.521587,130.5474077,31.521587,130.5474077,2025-09-23,29.2,26.6,75.0,0.2,6.85,17.2,"UPF50+, anti-chafe, breathable, deodorizing, hiking-shoes, hooded, lightweight, quick-dry, rashguard, sandals, short-sleeve, sun-cap, sun-care, swimwear, trail-pants, water-shoes, windbreaker","island, nature","{""tourism:hotel"": 3, ""tourism:attraction"": 1, ""historic:monument"": 1, ""historic:memorial"": 1, ""historic:wayside_shrine"": 1, ""leisure:park"": 40, ""coastline"": 5, ""island"": 1, ""bay"": 1}"
톈진,중국,Tianjin,china,39.3032619,117.4163641,39.3032619,117.4163641,2025-09-23,20.3,15.8,82.0,0.5,2.75,8.2,"anti-chafe, deodorizing, hooded, layering, quick-dry, transitional, windbreaker",,
몰디브,몰디브,Maldive Islands,Maldive Islands,4.6042215,73.5805281,4.6042215,73.5805281,2025-09-23,28.6,28.1,73.0,0.2,9.15,23.9,"UPF50+, cooling, hooded, linen, mesh, rashguard, sandals, sleeves, sun-cap, sunglasses, swimwear, ultra-light, water-shoes, windbreaker",island,"{""tourism:hotel"": 1, ""coastline"": 10, ""beach"": 1, ""island"": 1}"
히로시마,일본,Hiroshima,Japan,34.3917241,132.4517589,34.3917241,132.4517589,2025-09-23,22.3,20.4,86.0,7.6,3.3,7.2,"anti-chafe, comfortable-sneakers, crossbody-bag, deodorizing, dry-fast, hiking-shoes, hooded, layering, packable-poncho, quick-dry, sun-cap, trail-pants, transitional, walking-shoes, water-resistant, windbreaker","culture, nature, theme-park, viewpoint","{""peak"": 3, ""tourism:information"": 164, ""tourism:hotel"": 92, ""tourism:hostel"": 11, ""tourism:museum"": 20, ""tourism:artwork"": 68, ""tourism:gallery"": 4, ""tourism:attraction"": 24, ""historic:yes"": 8, ""historic:memorial"": 161, ""historic:castle"": 1, ""tourism:guest_house"": 7, ""leisure:park"": 143, ""tourism:viewpoint"": 12, ""historic:wayside_shrine"": 31, ""historic:tomb"": 1, ""tourism:apartment"": 4, ""historic:monument"": 5, ""historic:一軒茶屋跡"": 1, ""tourism:theme_park"": 1, ""historic:ruins"": 1, ""historic:加藤文三郎碑"": 1, ""bay"": 1, ""tourism:yes"": 2, ""leisure:stadium"": 3, ""historic:building"": 2, ""historic:train"": 1, ""historic:bus"": 1, ""historic:city_gate"": 1, ""historic:出雲大社道_道標"": 1, ""sport:baseball"": 1, ""sport:soccer"": 1}"
밴쿠버,캐나다,Vancouver,Canada,49.2608724,-123.113952,49.2608724,-123.113952,2025-09-23,19.3,11.6,74.0,0.0,4.65,12.1,"crossbody-bag, deck-shoes, hiking-shoes, hooded, light-cardigan, mid-layer, rashguard, sandals, sun-cap, swimwear, trail-pants, walking-shoes, water-shoes, windbreaker","beach, culture, island, marina, nature, viewpoint","{""tourism:artwork"": 209, ""peak"": 2, ""historic:memorial"": 25, ""tourism:hotel"": 61, ""tourism:information"": 79, ""historic:monument"": 15, ""tourism:museum"": 13, ""tourism:attraction"": 11, ""tourism:guest_house"": 11, ""tourism:viewpoint"": 8, ""tourism:gallery"": 16, ""tourism:hostel"": 6, ""tourism:apartment"": 4, ""leisure:marina"": 11, ""tourism:picnic_site"": 3, ""historic:locomotive"": 1, ""historic:village"": 1, ""historic:railway"": 9, ""tourism:motel"": 1, ""coastline"": 30, ""leisure:park"": 112, ""leisure:stadium"": 3, ""sport:canadian_football"": 1, ""sport:hockey"": 1, ""sport:baseball"": 1, ""leisure:golf_course"": 1, ""historic:building"": 20, ""historic:train_station"": 1, ""beach"": 19, ""historic:theatre"": 2, ""historic:house"": 3, ""historic:yes"": 2, ""tourism:railway_car"": 1, ""historic:turntable"": 1, ""historic:railway_car"": 1, ""island"": 1, ""tourism:spa_resort"": 1, ""leisure:sauna"": 1, ""bay"": 7}"
카자흐스탄,카자흐스탄,Kazakhstan,Kazakhstan,48.1012954,66.7780818,48.1012954,66.7780818,2025-09-23,17.9,11.0,52.0,0.0,4.95,21.9,"hooded, mid-layer, windbreaker",,
영국,영국,uk,United Kingdom,54.7023545,-3.2765753,54.7023545,-3.2765753,2025-09-23,12.8,4.1,87.0,0.0,3.75,10.1,"anti-chafe, deodorizing, down, hiking-shoes, hooded, insulated, quick-dry, sun-cap, thermal, trail-pants, windbreaker",nature,"{""peak"": 9, ""historic:lime_kiln"": 1, ""tourism:guest_house"": 2, ""historic:memorial"": 1, ""tourism:information"": 5, ""tourism:zoo"": 1, ""tourism:caravan_site"": 3, ""historic:castle"": 1, ""historic:archaeological_site"": 1, ""tourism:chalet"": 151, ""tourism:camp_site"": 1}"
타이중,대만,Taichung,taiwan,24.163162,120.6478282,24.163162,120.6478282,2025-09-23,29.5,26.4,76.0,0.0,5.55,18.4,"anti-chafe, breathable, crossbody-bag, deodorizing, hiking-shoes, hooded, lightweight, quick-dry, short-sleeve, sun-cap, trail-pants, walking-shoes, windbreaker","culture, nature","{""tourism:picnic_site"": 2, ""tourism:information"": 6, ""tourism:hotel"": 68, ""historic:archaeological_site"": 1, ""tourism:artwork"": 86, ""tourism:hostel"": 10, ""tourism:attraction"": 3, ""historic:memorial"": 6, ""historic:boundary_stone"": 3, ""tourism:apartment"": 1, ""tourism:guest_house"": 1, ""peak"": 1, ""historic:aircraft"": 5, ""tourism:motel"": 11, ""tourism:gallery"": 7, ""leisure:park"": 158, ""tourism:museum"": 11, ""historic:building"": 2, ""historic:yes"": 15, ""leisure:stadium"": 1}"
빈,오스트리아,bean,Austria,48.2172664,16.3383396,48.2172664,16.3383396,2025-09-23,28.4,14.3,65.0,0.0,2.25,14.5,"crossbody-bag, hiking-shoes, hooded, layering, sun-cap, trail-pants, transitional, walking-shoes, windbreaker","culture, nature, viewpoint","{""tourism:museum"": 104, ""tourism:attraction"": 50, ""historic:memorial"": 1154, ""tourism:hotel"": 185, ""tourism:hostel"": 21, ""historic:monument"": 24, ""tourism:apartment"": 19, ""historic:wayside_cross"": 6, ""tourism:artwork"": 235, ""tourism:zoo"": 2, ""tourism:viewpoint"": 8, ""tourism:guest_house"": 16, ""tourism:information"": 193, ""tourism:gallery"": 66, ""historic:wayside_shrine"": 19, ""tourism:picnic_site"": 8, ""historic:place_of_worship"": 1, ""historic:yes"": 28, ""peak"": 4, ""tourism:motel"": 1, ""historic:building"": 8, ""leisure:dance"": 1, ""leisure:park"": 269, ""historic:heritage"": 14, ""historic:boundary_stone"": 2, ""historic:tomb"": 6, ""historic:stone"": 1, ""historic:castle"": 95, ""tourism:yes"": 12, ""historic:railway"": 13, ""leisure:garden"": 1, ""historic:undefined"": 2, ""historic:archaeological_site"": 7, ""leisure:stadium"": 1, ""historic:ruins"": 1}"
다카마쓰,일본,Takamatsu,Japan,34.3425592,134.0465338,34.3425592,134.0465338,2025-09-23,23.8,21.4,81.0,4.8,1.0,13.2,"anti-chafe, comfortable-sneakers, crossbody-bag, deck-shoes, deodorizing, hiking-shoes, hooded, layering, light-cardigan, packable-poncho, quick-dry, rashguard, sandals, sun-cap, swimwear, trail-pants, transitional, walking-shoes, water-shoes, windbreaker","culture, island, marina, nature, theme-park, viewpoint","{""historic:wayside_shrine"": 8, ""tourism:information"": 83, ""historic:yes"": 1, ""tourism:museum"": 12, ""tourism:hotel"": 46, ""historic:memorial"": 15, ""historic:castle"": 1, ""tourism:attraction"": 6, ""tourism:artwork"": 15, ""peak"": 3, ""tourism:viewpoint"": 29, ""tourism:camp_site"": 1, ""historic:ruins"": 14, ""historic:stone"": 1, ""historic:boundary_stone"": 1, ""historic:archaeological_site"": 8, ""historic:monument"": 3, ""tourism:hostel"": 6, ""tourism:gallery"": 3, ""leisure:park"": 108, ""tourism:apartment"": 1, ""tourism:guest_house"": 1, ""leisure:stadium"": 4, ""sport:multi"": 1, ""historic:bridge"": 1, ""coastline"": 20, ""tourism:theme_park"": 1, ""leisure:marina"": 2, ""leisure:beach_resort"": 1, ""historic:manor"": 1, ""leisure:golf_course"": 1, ""sport:golf"": 1, ""island"": 1}"
크로아티아,크로아티아,Croatia,Croatia,45.3658443,15.6575209,45.3658443,15.6575209,2025-09-23,27.2,16.5,77.0,3.0,2.05,11.7,"anti-chafe, deodorizing, hiking-shoes, hooded, layering, quick-dry, sun-cap, trail-pants, transitional, windbreaker",nature,"{""peak"": 8, ""tourism:guest_house"": 1, ""tourism:chalet"": 4, ""tourism:camp_site"": 1}"
시즈오카,일본,Shizuoka,Japan,34.9332488,138.0955398,34.9332488,138.0955398,2025-09-23,22.8,16.8,65.0,0.0,6.05,7.2,"hooded, layering, sun-care, transitional, windbreaker",,"{""tourism:gallery"": 1, ""tourism:information"": 4, ""historic:wayside_shrine"": 2, ""leisure:park"": 5, ""tourism:viewpoint"": 1}"
그리스,그리스,Greece,Greece,38.9953683,21.9877132,38.9953683,21.9877132,2025-09-23,24.5,12.7,56.0,0.0,6.35,11.6,"hooded, layering, sun-care, transitional, windbreaker",,"{""tourism:chalet"": 1}"
밀라노,이탈리아,Milano,Italy,45.4641943,9.1896346,45.4641943,9.1896346,2025-09-23,22.3,18.3,88.0,43.1,4.8,21.6,"anti-chafe, beanie, boat-jacket, crossbody-bag, deodorizing, gloves, hiking-shoes, hooded, layering, neck-warmer, packable-umbrella, quick-dry, rashguard, snow-pants, sun-cap, thermal, trail-pants, transitional, walking-shoes, waterproof-jacket, windbreaker","culture, diving, nature, ski, viewpoint","{""tourism:artwork"": 146, ""tourism:hotel"": 281, ""historic:memorial"": 155, ""tourism:information"": 356, ""tourism:attraction"": 102, ""tourism:apartment"": 35, ""tourism:museum"": 63, ""historic:monument"": 35, ""historic:aircraft"": 3, ""tourism:hostel"": 15, ""tourism:guest_house"": 18, ""historic:ruins"": 10, ""tourism:residence"": 1, ""historic:archaeological_site"": 11, ""historic:yes"": 129, ""tourism:picnic_site"": 6, ""historic:wayside_shrine"": 5, ""tourism:gallery"": 24, ""historic:train"": 2, ""historic:tram"": 1, ""historic:milestone"": 1, ""tourism:motel"": 1, ""tourism:viewpoint"": 6, ""historic:tomb"": 5, ""tourism:yes"": 7, ""sport:scuba_diving"": 1, ""historic:bunker"": 3, ""historic:boundary_stone"": 1, ""sport:skiing"": 1, ""leisure:park"": 205, ""tourism:tours"": 1, ""tourism:aquarium"": 1, ""historic:church"": 9, ""historic:city_gate"": 11, ""historic:heritage"": 6, ""historic:castle"": 38, ""historic:building"": 6, ""historic:ship"": 1, ""leisure:stadium"": 1, ""sport:multi"": 1, ""historic:citywalls"": 1, ""historic:railway"": 33, ""historic:tramway"": 11}"
달랏,베트남,Dalat,Vietnam,11.9082632,108.4572089,11.9082632,108.4572089,2025-09-23,23.2,19.1,83.0,0.0,8.45,23.7,"UPF50+, anti-chafe, deodorizing, hooded, layering, quick-dry, sleeves, sun-cap, sunglasses, transitional, windbreaker",viewpoint,"{""tourism:yes"": 1, ""tourism:picnic_site"": 1, ""tourism:hotel"": 21, ""tourism:attraction"": 5, ""tourism:viewpoint"": 2, ""tourism:motel"": 3, ""tourism:information"": 1, ""tourism:guest_house"": 4, ""historic:monument"": 1, ""tourism:hostel"": 5, ""tourism:artwork"": 2, ""tourism:museum"": 1, ""tourism:wilderness_hut"": 1, ""tourism:chalet"": 22, ""leisure:park"": 1, ""tourism:camp_site"": 1, ""historic:memorial"": 1, ""leisure:golf_course"": 1, ""historic:yes"": 1}"
피렌체,이탈리아,Florence,Italy,43.7697955,11.2556404,43.7697955,11.2556404,2025-09-23,23.4,18.7,88.0,0.0,4.6,9.3,"anti-chafe, crossbody-bag, deodorizing, hiking-shoes, hooded, layering, quick-dry, sun-cap, trail-pants, transitional, walking-shoes, windbreaker","culture, nature, viewpoint","{""tourism:hotel"": 278, ""historic:memorial"": 95, ""historic:city_gate"": 22, ""tourism:guest_house"": 53, ""tourism:information"": 28, ""tourism:museum"": 97, ""tourism:hostel"": 23, ""tourism:attraction"": 34, ""tourism:artwork"": 117, ""historic:yes"": 43, ""historic:monument"": 14, ""tourism:viewpoint"": 18, ""tourism:gallery;auction"": 1, ""tourism:gallery"": 13, ""tourism:apartment"": 14, ""historic:wayside_shrine"": 190, ""leisure:park"": 115, ""tourism:chalet"": 1, ""tourism:caravan_site"": 2, ""tourism:yes"": 5, ""historic:garden"": 1, ""historic:fort"": 2, ""historic:church"": 14, ""historic:bridge"": 1, ""leisure:stadium"": 4, ""historic:citywalls"": 9, ""sport:athletics"": 1, ""historic:building"": 180, ""historic:archaeological_site"": 1, ""historic:manor"": 10, ""sport:soccer"": 1, ""historic:castle"": 2, ""historic:house"": 3, ""sport:multi"": 1, ""historic:tower"": 2, ""leisure:garden"": 1}"
샌프란시스코,미국,San Francisco,United States,37.7792588,-122.4193286,37.7792588,-122.4193286,2025-09-23,26.1,14.8,67.0,0.0,6.4,22.0,"comfortable-sneakers, crossbody-bag, hiking-shoes, hooded, layering, packable-poncho, sun-cap, sun-care, trail-pants, transitional, walking-shoes, windbreaker","culture, nature, theme-park, viewpoint","{""tourism:attraction"": 46, ""historic:city_gate"": 1, ""tourism:artwork"": 353, ""bay"": 2, ""peak"": 17, ""historic:monument"": 6, ""historic:memorial"": 100, ""historic:yes"": 7, ""historic:district"": 9, ""leisure:park"": 132, ""tourism:museum"": 31, ""tourism:hotel"": 271, ""tourism:viewpoint"": 35, ""tourism:Tour"": 1, ""tourism:motel"": 27, ""tourism:hostel"": 15, ""tourism:gallery"": 58, ""tourism:information"": 140, ""historic:ruins"": 1, ""tourism:guest_house"": 3, ""tourism:picnic_site"": 10, ""leisure:garden"": 1, ""tourism:apartment"": 3, ""historic:wayside_shrine"": 1, ""historic:time_capsule"": 1, ""tourism:exhibit"": 1, ""historic:tomb"": 1, ""tourism:attraction;information"": 1, ""tourism:yes"": 11, ""leisure:marina"": 1, ""historic:mint"": 1, ""historic:landmark"": 3, ""historic:building"": 16, ""leisure:stadium"": 2, ""historic:heritage"": 3, ""coastline"": 5, ""sport:tennis;basketball;volleyball"": 1, ""leisure:golf_course"": 1, ""sport:golf"": 1, ""historic:house"": 2, ""historic:church"": 2, ""historic:ship"": 1, ""tourism:landmark"": 1, ""leisure:parklet"": 1, ""tourism:theme_park"": 1, ""leisure:miniature_golf"": 1, ""leisure:swimming_pool"": 1, ""historic:railway_car"": 2, ""beach"": 1, ""leisure:playground"": 1, ""sport:baseball"": 1}"
쿠알라룸푸르,말레이시아,Kuala Lumpur,malaysia,3.1526589,101.7022205,3.1526589,101.7022205,2025-09-23,33.9,25.1,75.0,0.4,9.35,12.7,"UPF50+, anti-chafe, comfortable-sneakers, cooling, crossbody-bag, deodorizing, hiking-shoes, hooded, linen, mesh, packable-poncho, quick-dry, sleeves, sun-cap, sunglasses, trail-pants, ultra-light, walking-shoes, windbreaker","culture, nature, theme-park, viewpoint","{""tourism:information"": 62, ""tourism:attraction"": 31, ""tourism:hotel"": 395, ""tourism:guest_house"": 16, ""tourism:aquarium; attraction"": 1, ""tourism:hostel"": 36, ""tourism:museum"": 26, ""tourism:viewpoint"": 19, ""tourism:apartment"": 35, ""tourism:artwork"": 64, ""tourism:zoo"": 4, ""tourism:yes"": 2, ""historic:memorial"": 13, ""tourism:camp_site"": 1, ""tourism:gallery"": 7, ""leisure:park"": 30, ""tourism:picnic_site"": 4, ""tourism:chalet"": 1, ""tourism:theme_park"": 1, ""historic:monument"": 5, ""tourism:motel"": 2, ""historic:aircraft"": 2, ""historic:locomotive"": 4, ""historic:railway"": 1, ""historic:heritage"": 1, ""leisure:stadium"": 5, ""sport:soccer"": 1, ""leisure:golf_course"": 2, ""historic:castle"": 9, ""historic:school"": 1, ""sport:basketball"": 1, ""historic:yes"": 1, ""leisure:garden"": 2, ""historic:tomb"": 1}"
골드코스트,호주,Gold Coast,australia,-28.0023731,153.4145987,-28.0023731,153.4145987,2025-09-23,20.7,11.0,68.0,0.0,7.1,21.2,"UPF50+, boardshorts, crossbody-bag, hiking-shoes, hooded, mid-layer, rashguard, sandals, sun-cap, sun-care, swimwear, trail-pants, walking-shoes, water-shoes, windbreaker","beach, culture, island, nature, surf, viewpoint","{""tourism:hotel"": 53, ""tourism:motel"": 6, ""tourism:hostel"": 9, ""tourism:viewpoint"": 3, ""tourism:guest_house"": 1, ""tourism:museum"": 1, ""sport:surfing"": 1, ""tourism:gallery"": 6, ""historic:monument"": 2, ""tourism:artwork"": 4, ""tourism:information"": 3, ""tourism:attraction"": 8, ""tourism:apartment"": 17, ""tourism:picnic_site"": 1, ""leisure:golf_course"": 2, ""sport:golf"": 2, ""island"": 4, ""leisure:park"": 136, ""tourism:caravan_site"": 1, ""beach"": 15, ""leisure:marina"": 1, ""coastline"": 1}"
체코,체코,Czechia,Czechia,49.7439047,15.3381061,49.7439047,15.3381061,2025-09-23,12.3,8.3,84.0,0.2,3.35,22.3,"anti-chafe, deodorizing, hooded, mid-layer, quick-dry, windbreaker",,"{""historic:monument"": 1, ""tourism:information"": 10, ""historic:tomb"": 1, ""historic:memorial"": 1, ""tourism:museum"": 1, ""leisure:park"": 1}"
